conflict_id,location,conflict_type,outcome_order,support_label,support_order,region_label,c_ep_dur,c_ep_startyear,c_ep_endyear
201,Cambodia (Kampuchea),Extrasystemic,1,No External Support,1,Asia,8,1946,1953
204,Indonesia,Extrasystemic,1,No External Support,1,Asia,4,1946,1949
214,"France, Thailand",Interstate,1,No External Support,1,NA,1,1946,1946
216,Vietnam (North Vietnam),Extrasystemic,1,No External Support,1,Asia,9,1946,1954
244,Morocco,Extrasystemic,1,No External Support,1,Africa,4,1953,1956
246,Algeria,Extrasystemic,1,No External Support,1,Africa,9,1954,1962
248,Cyprus,Extrasystemic,1,No External Support,1,Europe,5,1955,1959
255,"Honduras, Nicaragua",Interstate,1,No External Support,1,Americas,1,1957,1957
272,"France, Tunisia",Interstate,1,No External Support,1,NA,1,1961,1961
276,"Indonesia, Netherlands",Interstate,1,No External Support,1,NA,1,1962,1962
278,"Algeria, Morocco",Interstate,1,No External Support,1,Africa,1,1963,1963
279,Guinea-Bissau,Extrasystemic,1,No External Support,1,Africa,11,1963,1973
281,"Indonesia, Malaysia",Interstate,1,No External Support,1,Asia,4,1963,1966
282,Sudan,Intrastate,1,No External Support,1,Africa,10,1963,1972
285,Mozambique,Extrasystemic,1,No External Support,1,Africa,11,1964,1974
286,South Yemen,Extrasystemic,1,No External Support,1,Middle East,4,1964,1967
373,Niger,Intrastate,1,No External Support,1,Africa,1,1994,1994
403,"Ecuador, Peru",Interstate,1,No External Support,1,Americas,1,1995,1995
13324,"Kyrgyzstan, Tajikistan",Interstate,1,No External Support,1,Asia,2,2021,2022
215,"Albania, United Kingdom",Interstate,2,No External Support,1,Europe,1,1946,1946
228,"Egypt, Iraq, Israel, Jordan, Lebanon, Syria",Interstate,2,No External Support,1,Middle East,2,1948,1949
235,"North Korea, South Korea",Interstate,2,No External Support,1,Asia,5,1949,1953
243,Indonesia,Intrastate,2,No External Support,1,Asia,4,1958,1961
252,"Egypt, France, Israel, United Kingdom",Interstate,2,No External Support,1,NA,1,1956,1956
274,"China, India",Interstate,2,No External Support,1,Asia,1,2020,2020
302,"Israel, Syria",Interstate,2,No External Support,1,Middle East,1,1973,1973
306,"El Salvador, Honduras",Interstate,2,No External Support,1,Americas,1,1969,1969
323,"Cyprus, Turkey",Interstate,2,No External Support,1,NA,1,1974,1974
356,"Laos, Thailand",Interstate,2,No External Support,1,Asia,3,1986,1988
357,Suriname,Intrastate,2,No External Support,1,Americas,1,1987,1987
384,Serbia (Yugoslavia),Intrastate,2,No External Support,1,Europe,1,1991,1991
400,Mexico,Intrastate,2,No External Support,1,Americas,1,1994,1994
425,Nigeria,Intrastate,2,No External Support,1,Africa,1,2004,2004
11343,"Egypt, Israel",Interstate,2,No External Support,1,Middle East,2,1969,1970
14074,Somalia,Intrastate,2,No External Support,1,Africa,1,2018,2018
200,Bolivia,Intrastate,3,No External Support,1,Americas,1,1949,1949
200,Bolivia,Intrastate,3,No External Support,1,Americas,1,1967,1967
203,Greece,Intrastate,3,No External Support,1,Europe,4,1946,1949
206,Iran,Internationalized Intrastate,3,No External Support,1,Middle East,1,1946,1946
217,China,Intrastate,3,No External Support,1,Asia,1,1947,1947
219,Madagascar (Malagasy),Extrasystemic,3,No External Support,1,Africa,1,1947,1947
220,Paraguay,Intrastate,3,No External Support,1,Americas,1,1947,1947
236,China,Intrastate,3,No External Support,1,Asia,1,1950,1950
236,China,Intrastate,3,No External Support,1,Asia,1,1959,1959
237,Indonesia,Intrastate,3,No External Support,1,Asia,1,1950,1950
238,United States of America,Extrasystemic,3,No External Support,1,Americas,1,1950,1950
241,Kenya,Extrasystemic,3,No External Support,1,Africa,5,1952,1956
242,Cuba,Intrastate,3,No External Support,1,Americas,1,1953,1953
242,Cuba,Internationalized Intrastate,3,No External Support,1,Americas,1,1961,1961
256,"Mauritania, Morocco",Extrasystemic,3,No External Support,1,Africa,2,1957,1958
257,"Mauritania, Morocco",Extrasystemic,3,No External Support,1,Africa,2,1957,1958
258,Oman,Internationalized Intrastate,3,No External Support,1,Middle East,1,1957,1957
266,DR Congo (Zaire),Intrastate,3,No External Support,1,Africa,3,1960,1962
270,France,Intrastate,3,No External Support,1,Europe,2,1961,1962
273,Brunei,Extrasystemic,3,No External Support,1,Asia,1,1962,1962
274,"China, India",Interstate,3,No External Support,1,Asia,1,1962,1962
277,Venezuela,Intrastate,3,No External Support,1,Americas,1,1962,1962
277,Venezuela,Intrastate,3,No External Support,1,Americas,1,1982,1982
277,Venezuela,Intrastate,3,No External Support,1,Americas,1,1992,1992
284,Gabon,Internationalized Intrastate,3,No External Support,1,Africa,1,1964,1964
295,Ghana,Intrastate,3,No External Support,1,Africa,1,1983,1983
301,"Israel, Jordan",Interstate,3,No External Support,1,Middle East,1,1967,1967
302,"Israel, Syria",Interstate,3,No External Support,1,Middle East,1,1967,1967
303,Nigeria,Intrastate,3,No External Support,1,Africa,4,1967,1970
310,Madagascar (Malagasy),Intrastate,3,No External Support,1,Africa,1,1971,1971
311,Morocco,Intrastate,3,No External Support,1,Africa,1,1971,1971
313,Sri Lanka,Intrastate,3,No External Support,1,Asia,1,1971,1971
313,Sri Lanka,Intrastate,3,No External Support,1,Asia,2,1989,1990
319,Uruguay,Intrastate,3,No External Support,1,Americas,1,1972,1972
343,Tunisia,Intrastate,3,No External Support,1,Africa,1,1980,1980
348,Kenya,Intrastate,3,No External Support,1,Africa,1,1982,1982
358,Togo,Intrastate,3,No External Support,1,Africa,1,1986,1986
377,Russia (Soviet Union),Intrastate,3,No External Support,1,Europe,1,1990,1990
380,Georgia,Intrastate,3,No External Support,1,Europe,3,1991,1993
381,Haiti,Intrastate,3,No External Support,1,Americas,1,1989,1989
396,Azerbaijan,Intrastate,3,No External Support,1,Europe,1,1995,1995
399,Russia (Soviet Union),Intrastate,3,No External Support,1,Europe,1,1993,1993
414,Russia (Soviet Union),Intrastate,3,No External Support,1,Europe,1,1999,1999
424,Nigeria,Intrastate,3,No External Support,1,Africa,1,2004,2004
427,"Tanzania, Uganda",Interstate,3,No External Support,1,Africa,1,1978,1978
429,DR Congo (Zaire),Intrastate,3,No External Support,1,Africa,2,2007,2008
429,DR Congo (Zaire),Internationalized Intrastate,3,No External Support,1,Africa,1,2020,2020
434,India,Intrastate,3,No External Support,1,Asia,1,2008,2008
11343,"Egypt, Israel",Interstate,3,No External Support,1,Middle East,1,1967,1967
11343,"Egypt, Israel",Interstate,3,No External Support,1,Middle East,1,1973,1973
13645,Yemen (North Yemen),Intrastate,3,No External Support,1,Middle East,2,2020,2021
14935,Ethiopia,Intrastate,3,No External Support,1,Africa,1,2019,2019
200,Bolivia,Intrastate,4,No External Support,1,Americas,1,1946,1946
200,Bolivia,Intrastate,4,No External Support,1,Americas,1,1952,1952
202,China,Intrastate,4,No External Support,1,Asia,4,1946,1949
208,Laos,Extrasystemic,4,No External Support,1,Asia,8,1946,1953
220,Paraguay,Intrastate,4,No External Support,1,Americas,1,1954,1954
220,Paraguay,Intrastate,4,No External Support,1,Americas,1,1989,1989
225,Costa Rica,Intrastate,4,No External Support,1,Americas,1,1948,1948
226,"Hyderabad, India",Interstate,4,No External Support,1,Asia,1,1948,1948
242,Cuba,Intrastate,4,No External Support,1,Americas,3,1956,1958
250,"Hungary, Russia (Soviet Union)",Interstate,4,No External Support,1,Europe,1,1956,1956
274,"China, India",Interstate,4,No External Support,1,Asia,1,1967,1967
295,Ghana,Intrastate,4,No External Support,1,Africa,1,1966,1966
295,Ghana,Intrastate,4,No External Support,1,Africa,1,1981,1981
312,Pakistan,Intrastate,4,No External Support,1,Asia,1,1971,1971
321,Chile,Intrastate,4,No External Support,1,Americas,1,1973,1973
359,South Yemen,Intrastate,4,No External Support,1,Middle East,1,1986,1986
360,Burkina Faso,Intrastate,4,No External Support,1,Africa,1,1987,1987
362,Comoros,Intrastate,4,No External Support,1,Africa,1,1989,1989
368,"Panama, United States of America",Interstate,4,No External Support,1,Americas,1,1989,1989
381,Haiti,Intrastate,4,No External Support,1,Americas,1,1991,1991
396,Azerbaijan,Intrastate,4,No External Support,1,Europe,1,1993,1993
407,Comoros,Intrastate,4,No External Support,1,Africa,1,1997,1997
422,Myanmar (Burma),Intrastate,4,No External Support,1,Asia,1,1997,1997
431,"Afghanistan, Russia (Soviet Union)",Interstate,4,No External Support,1,NA,1,1979,1979
15283,Central African Republic,Internationalized Intrastate,4,No External Support,1,Africa,1,2015,2015
218,"India, Pakistan",Interstate,1,External Support,2,Asia,2,1964,1965
218,"India, Pakistan",Interstate,1,External Support,2,Asia,1,1971,1971
233,Guatemala,Intrastate,1,External Support,2,Americas,31,1965,1995
260,Lebanon,Intrastate,1,External Support,2,Middle East,1,1958,1958
262,Laos,Internationalized Intrastate,1,External Support,2,Asia,3,1959,1961
262,Laos,Internationalized Intrastate,1,External Support,2,Asia,11,1963,1973
269,Nepal,Intrastate,1,External Support,2,Asia,11,1996,2006
271,Iraq,Intrastate,1,External Support,2,Middle East,10,1961,1970
283,DR Congo (Zaire),Internationalized Intrastate,1,External Support,2,Africa,6,1996,2001
287,Burundi,Intrastate,1,External Support,2,Africa,13,1994,2006
287,Burundi,Intrastate,1,External Support,2,Africa,1,2008,2008
298,South Africa,Intrastate,1,External Support,2,Africa,24,1966,1989
316,El Salvador,Intrastate,1,External Support,2,Americas,13,1979,1991
318,Zimbabwe (Rhodesia),Intrastate,1,External Support,2,Africa,7,1973,1979
320,"South Yemen, Yemen (North Yemen)",Interstate,1,External Support,2,Middle East,1,1972,1972
324,"Iran, Iraq",Interstate,1,External Support,2,Middle East,1,1974,1974
327,Angola,Internationalized Intrastate,1,External Support,2,Africa,5,1998,2002
330,Indonesia,Intrastate,1,External Support,2,Asia,3,1997,1999
332,Mozambique,Intrastate,1,External Support,2,Africa,16,1977,1992
332,Mozambique,Intrastate,1,External Support,2,Africa,2,2013,2014
335,India,Intrastate,1,External Support,2,Asia,10,1979,1988
335,India,Intrastate,1,External Support,2,Asia,1,1992,1992
355,"Burkina Faso, Mali",Interstate,1,External Support,2,Africa,1,1985,1985
366,Indonesia,Intrastate,1,External Support,2,Asia,7,1999,2005
369,Papua New Guinea,Intrastate,1,External Support,2,Asia,1,1990,1990
372,Mali,Internationalized Intrastate,1,External Support,2,Africa,2,2014,2015
375,Senegal,Intrastate,1,External Support,2,Africa,1,2003,2003
379,Djibouti,Intrastate,1,External Support,2,Africa,4,1991,1994
379,Djibouti,Intrastate,1,External Support,2,Africa,1,1999,1999
382,Sierra Leone,Intrastate,1,External Support,2,Africa,11,1991,2001
390,Croatia,Intrastate,1,External Support,2,Europe,4,1992,1995
392,Georgia,Intrastate,1,External Support,2,Europe,2,1992,1993
409,"Eritrea, Ethiopia",Interstate,1,External Support,2,Africa,3,1998,2000
412,Serbia (Yugoslavia),Internationalized Intrastate,1,External Support,2,Europe,2,1998,1999
416,Central African Republic,Internationalized Intrastate,1,External Support,2,Africa,1,2006,2006
417,North Macedonia,Intrastate,1,External Support,2,Europe,1,2001,2001
419,Ivory Coast,Intrastate,1,External Support,2,Africa,3,2002,2004
428,Mauritania,Intrastate,1,External Support,2,Africa,4,1975,1978
430,Niger,Intrastate,1,External Support,2,Africa,2,1991,1992
11346,Libya,Intrastate,1,External Support,2,Africa,3,2013,2015
11348,"South Sudan, Sudan",Interstate,1,External Support,2,Africa,1,2012,2012
209,Philippines,Intrastate,2,External Support,2,Asia,27,1969,1995
209,Philippines,Intrastate,2,External Support,2,Asia,1,1997,1997
218,"India, Pakistan",Interstate,2,External Support,2,Asia,1,1948,1948
218,"India, Pakistan",Interstate,2,External Support,2,Asia,8,1996,2003
218,"India, Pakistan",Interstate,2,External Support,2,Asia,8,2013,2020
221,Myanmar (Burma),Intrastate,2,External Support,2,Asia,12,2000,2011
223,Myanmar (Burma),Intrastate,2,External Support,2,Asia,5,2016,2020
231,Myanmar (Burma),Intrastate,2,External Support,2,Asia,32,1961,1992
251,India,Intrastate,2,External Support,2,Asia,6,1992,1997
251,India,Intrastate,2,External Support,2,Asia,1,2000,2000
268,"Ethiopia, Somalia",Interstate,2,External Support,2,Africa,1,1964,1964
269,Nepal,Intrastate,2,External Support,2,Asia,3,1960,1962
288,Chad,Internationalized Intrastate,2,External Support,2,Africa,2,1986,1987
289,Colombia,Intrastate,2,External Support,2,Americas,53,1964,2016
292,Peru,Intrastate,2,External Support,2,Americas,4,2007,2010
315,United Kingdom,Intrastate,2,External Support,2,Europe,1,1998,1998
320,"South Yemen, Yemen (North Yemen)",Interstate,2,External Support,2,Middle East,1,1979,1979
322,Bangladesh,Intrastate,2,External Support,2,Asia,17,1975,1991
324,"Iran, Iraq",Interstate,2,External Support,2,Middle East,9,1980,1988
325,Pakistan,Intrastate,2,External Support,2,Asia,4,1974,1977
332,Mozambique,Intrastate,2,External Support,2,Africa,1,2016,2016
336,Nicaragua,Intrastate,2,External Support,2,Americas,9,1982,1990
338,Iran,Intrastate,2,External Support,2,Middle East,7,2005,2011
342,Spain,Intrastate,2,External Support,2,Europe,3,1985,1987
347,India,Intrastate,2,External Support,2,Asia,4,1993,1996
349,"Chad, Nigeria",Interstate,2,External Support,2,Africa,1,1983,1983
352,Sri Lanka,Intrastate,2,External Support,2,Asia,18,1984,2001
354,Turkey,Intrastate,2,External Support,2,Middle East,30,1984,2013
361,"Chad, Libya",Interstate,2,External Support,2,Africa,1,1987,1987
365,India,Intrastate,2,External Support,2,Asia,1,1990,1990
365,India,Intrastate,2,External Support,2,Asia,17,1994,2010
369,Papua New Guinea,Intrastate,2,External Support,2,Asia,5,1992,1996
372,Mali,Intrastate,2,External Support,2,Africa,1,1994,1994
375,Senegal,Intrastate,2,External Support,2,Africa,1,1990,1990
375,Senegal,Intrastate,2,External Support,2,Africa,2,1992,1993
388,Azerbaijan,Intrastate,2,External Support,2,Europe,4,1991,1994
391,Egypt,Intrastate,2,External Support,2,Middle East,6,1993,1998
393,Georgia,Intrastate,2,External Support,2,Europe,1,1992,1992
393,Georgia,Intrastate,2,External Support,2,Europe,1,2004,2004
393,Georgia,Internationalized Intrastate,2,External Support,2,Europe,1,2008,2008
394,Moldova,Intrastate,2,External Support,2,Europe,1,1992,1992
401,Russia (Soviet Union),Intrastate,2,External Support,2,Europe,3,1994,1996
408,Congo,Intrastate,2,External Support,2,Africa,1,1993,1993
408,Congo,Internationalized Intrastate,2,External Support,2,Africa,1,2002,2002
408,Congo,Intrastate,2,External Support,2,Africa,1,2016,2016
421,India,Intrastate,2,External Support,2,Asia,4,2001,2004
421,India,Intrastate,2,External Support,2,Asia,2,2009,2010
426,Israel,Intrastate,2,External Support,2,Middle East,1,2006,2006
430,Niger,Intrastate,2,External Support,2,Africa,1,1997,1997
430,Niger,Intrastate,2,External Support,2,Africa,2,2007,2008
11346,Libya,Internationalized Intrastate,2,External Support,2,Africa,2,2019,2020
205,Iran,Internationalized Intrastate,3,External Support,2,Middle East,1,1946,1946
209,Philippines,Intrastate,3,External Support,2,Asia,9,1946,1954
223,Myanmar (Burma),Intrastate,3,External Support,2,Asia,14,1948,1961
224,Myanmar (Burma),Intrastate,3,External Support,2,Asia,1,1996,1996
227,India,Intrastate,3,External Support,2,Asia,3,1969,1971
231,Myanmar (Burma),Intrastate,3,External Support,2,Asia,2,1949,1950
233,Guatemala,Intrastate,3,External Support,2,Americas,1,1949,1949
240,Thailand,Intrastate,3,External Support,2,Asia,1,1951,1951
247,Argentina,Intrastate,3,External Support,2,Americas,1,1963,1963
259,Iraq,Intrastate,3,External Support,2,Middle East,2,1958,1959
260,Lebanon,Internationalized Intrastate,3,External Support,2,Middle East,2,1989,1990
261,Malaysia,Internationalized Intrastate,3,External Support,2,Asia,3,1958,1960
262,Laos,Intrastate,3,External Support,2,Asia,2,1989,1990
265,DR Congo (Zaire),Intrastate,3,External Support,2,Africa,2,1961,1962
267,Ethiopia,Intrastate,3,External Support,2,Africa,1,1960,1960
268,"Ethiopia, Somalia",Interstate,3,External Support,2,Africa,2,1977,1978
268,"Ethiopia, Somalia",Interstate,3,External Support,2,Africa,1,1980,1980
283,DR Congo (Zaire),Intrastate,3,External Support,2,Africa,2,1964,1965
283,DR Congo (Zaire),Intrastate,3,External Support,2,Africa,1,1967,1967
283,DR Congo (Zaire),Intrastate,3,External Support,2,Africa,2,1977,1978
287,Burundi,Intrastate,3,External Support,2,Africa,1,1965,1965
288,Chad,Internationalized Intrastate,3,External Support,2,Africa,7,1966,1972
291,Indonesia,Intrastate,3,External Support,2,Asia,1,1984,1984
299,Syria,Intrastate,3,External Support,2,Middle East,4,1979,1982
309,Sudan,Intrastate,3,External Support,2,Africa,1,1971,1971
309,Sudan,Intrastate,3,External Support,2,Africa,1,1976,1976
314,Uganda,Intrastate,3,External Support,2,Africa,2,1971,1972
314,Uganda,Intrastate,3,External Support,2,Africa,1,1974,1974
316,El Salvador,Intrastate,3,External Support,2,Americas,1,1972,1972
329,Ethiopia,Intrastate,3,External Support,2,Africa,1,1964,1964
329,Ethiopia,Internationalized Intrastate,3,External Support,2,Africa,8,1976,1983
334,"China, Vietnam (North Vietnam)",Interstate,3,External Support,2,Asia,1,1974,1974
338,Iran,Intrastate,3,External Support,2,Middle East,3,1986,1988
340,Saudi Arabia,Intrastate,3,External Support,2,Middle East,1,1979,1979
344,Gambia,Internationalized Intrastate,3,External Support,2,Africa,1,1981,1981
352,Sri Lanka,Intrastate,3,External Support,2,Asia,5,2005,2009
353,Cameroon,Intrastate,3,External Support,2,Africa,1,1984,1984
366,Indonesia,Intrastate,3,External Support,2,Asia,2,1990,1991
367,Panama,Intrastate,3,External Support,2,Americas,1,1989,1989
372,Mali,Intrastate,3,External Support,2,Africa,3,2007,2009
378,Trinidad and Tobago,Intrastate,3,External Support,2,Americas,1,1990,1990
383,Turkey,Intrastate,3,External Support,2,Middle East,1,2005,2005
388,Azerbaijan,Internationalized Intrastate,3,External Support,2,Europe,4,2020,2023
395,Tajikistan,Intrastate,3,External Support,2,Asia,1,2000,2000
395,Tajikistan,Intrastate,3,External Support,2,Asia,2,2010,2011
397,Bosnia-Herzegovina,Intrastate,3,External Support,2,Europe,3,1993,1995
402,Yemen (North Yemen),Intrastate,3,External Support,2,Middle East,1,1994,1994
411,Lesotho,Internationalized Intrastate,3,External Support,2,Africa,1,1998,1998
415,Uzbekistan,Intrastate,3,External Support,2,Asia,1,2004,2004
420,"Australia, Iraq, United Kingdom, United States of America",Interstate,3,External Support,2,NA,1,2003,2003
432,Russia (Soviet Union),Intrastate,3,External Support,2,Europe,9,2007,2015
437,Ethiopia,Intrastate,3,External Support,2,Africa,1,1983,1983
439,Myanmar (Burma),Intrastate,3,External Support,2,Asia,1,2009,2009
11487,Malaysia,Intrastate,3,External Support,2,Asia,1,2013,2013
13648,Egypt,Intrastate,3,External Support,2,Middle East,8,2015,2022
230,Yemen (North Yemen),Intrastate,4,External Support,2,Middle East,1,1948,1948
233,Guatemala,Intrastate,4,External Support,2,Americas,1,1954,1954
275,Ethiopia,Intrastate,4,External Support,2,Africa,28,1964,1991
293,"South Vietnam, Vietnam (North Vietnam)",Interstate,4,External Support,2,Asia,11,1965,1975
297,Nigeria,Intrastate,4,External Support,2,Africa,1,1966,1966
299,Syria,Intrastate,4,External Support,2,Middle East,1,1966,1966
300,Cambodia (Kampuchea),Internationalized Intrastate,4,External Support,2,Asia,9,1967,1975
334,"China, Vietnam (North Vietnam)",Interstate,4,External Support,2,Asia,4,1978,1981
336,Nicaragua,Intrastate,4,External Support,2,Americas,3,1977,1979
341,Liberia,Intrastate,4,External Support,2,Africa,1,1980,1980
346,"Argentina, United Kingdom",Interstate,4,External Support,2,NA,1,1982,1982
350,"Grenada, United States of America",Interstate,4,External Support,2,Americas,1,1983,1983
371,"Iraq, Kuwait",Interstate,4,External Support,2,Middle East,2,1990,1991
372,Mali,Intrastate,4,External Support,2,Africa,1,2012,2012
374,Rwanda,Intrastate,4,External Support,2,Africa,5,1990,1994
410,Guinea-Bissau,Internationalized Intrastate,4,External Support,2,Africa,2,1998,1999
416,Central African Republic,Intrastate,4,External Support,2,Africa,2,2001,2002
13219,Ukraine,Intrastate,4,External Support,2,Europe,1,2014,2014
13692,"Afghanistan, United Kingdom, United States of America",Interstate,4,External Support,2,NA,1,2001,2001
